sample_id;OD_raw;OD_adj;plate;col;row;date;investigator
cont_pos;1.085826147;1.014672957;1;1;A;28/10/2015;Amandine Gamble
cont_pos;0.991760882;0.920607692;1;1;B;28/10/2015;Amandine Gamble
cont_neg;0.070997359;-0.000155831;1;1;C;28/10/2015;Amandine Gamble
cont_neg;0.071309021;0.000155831;1;1;D;28/10/2015;Amandine Gamble
ST A;0.043831004;-0.027322186;1;1;E;28/10/2015;Amandine Gamble
ST B;0.179115758;0.107962568;1;1;F;28/10/2015;Amandine Gamble
ST C;0.531680497;0.460527308;1;1;G;28/10/2015;Amandine Gamble
ST D;1.371330179;1.30017699;1;1;H;28/10/2015;Amandine Gamble
HOR-2015-KT-005;3.491248324;3.420095134;1;2;A;28/10/2015;Amandine Gamble
HOR-2015-KT-056;0.291513625;0.220360436;1;2;B;28/10/2015;Amandine Gamble
HOR-2015-KT-015;0.201346808;0.130193618;1;2;C;28/10/2015;Amandine Gamble
HOR-2015-KT-100;0.530645324;0.459492135;1;2;D;28/10/2015;Amandine Gamble
HOR-2015-KT-049;0.387701507;0.316548317;1;2;E;28/10/2015;Amandine Gamble
HOR-2015-KT-044;0.429489354;0.358336164;1;2;F;28/10/2015;Amandine Gamble
HOR-2015-KT-034;0.644231483;0.573078293;1;2;G;28/10/2015;Amandine Gamble
6126273;0.837215651;0.766062461;1;2;H;28/10/2015;Amandine Gamble
HOR-2015-KT-005;3.34822056;3.27706737;1;3;A;28/10/2015;Amandine Gamble
HOR-2015-KT-056;0.342394888;0.271241698;1;3;B;28/10/2015;Amandine Gamble
HOR-2015-KT-015;0.317744092;0.246590902;1;3;C;28/10/2015;Amandine Gamble
HOR-2015-KT-100;0.484117009;0.412963819;1;3;D;28/10/2015;Amandine Gamble
HOR-2015-KT-049;0.368025824;0.296872635;1;3;E;28/10/2015;Amandine Gamble
HOR-2015-KT-044;0.59007725;0.518924061;1;3;F;28/10/2015;Amandine Gamble
HOR-2015-KT-034;1.626127141;1.554973951;1;3;G;28/10/2015;Amandine Gamble
6126273;0.647121904;0.575968714;1;3;H;28/10/2015;Amandine Gamble
HOR-2015-KT-028;3.432356285;3.361203095;1;4;A;28/10/2015;Amandine Gamble
HOR-2015-KT-055;0.533402683;0.462249494;1;4;B;28/10/2015;Amandine Gamble
HOR-2015-KT-014;0.375186498;0.304033309;1;4;C;28/10/2015;Amandine Gamble
HOR-2015-KT-091;0.820759955;0.749606765;1;4;D;28/10/2015;Amandine Gamble
HOR-2015-KT-050;0.238756861;0.167603671;1;4;E;28/10/2015;Amandine Gamble
HOR-2015-KT-054;0.392318949;0.321165759;1;4;F;28/10/2015;Amandine Gamble
HOR-2015-KT-033;0.564790596;0.493637406;1;4;G;28/10/2015;Amandine Gamble
6126276;0.59898972;0.52783653;1;4;H;28/10/2015;Amandine Gamble
HOR-2015-KT-028;3.221019026;3.149865836;1;5;A;28/10/2015;Amandine Gamble
HOR-2015-KT-055;0.744423627;0.673270438;1;5;B;28/10/2015;Amandine Gamble
HOR-2015-KT-014;0.658826873;0.587673683;1;5;C;28/10/2015;Amandine Gamble
HOR-2015-KT-091;0.719197619;0.648044429;1;5;D;28/10/2015;Amandine Gamble
HOR-2015-KT-050;0.450598391;0.379445202;1;5;E;28/10/2015;Amandine Gamble
HOR-2015-KT-054;0.350793746;0.279640556;1;5;F;28/10/2015;Amandine Gamble
HOR-2015-KT-033;0.870089287;0.798936098;1;5;G;28/10/2015;Amandine Gamble
6126276;0.96186803;0.89071484;1;5;H;28/10/2015;Amandine Gamble
HOR-2015-KT-010;0.413157185;0.342003995;1;6;A;28/10/2015;Amandine Gamble
HOR-2015-KT-042;0.313264236;0.242111046;1;6;B;28/10/2015;Amandine Gamble
HOR-2015-KT-016;0.527907322;0.456754132;1;6;C;28/10/2015;Amandine Gamble
HOR-2015-KT-092;0.455499815;0.384346625;1;6;D;28/10/2015;Amandine Gamble
HOR-2015-KT-074;0.268373258;0.197220069;1;6;E;28/10/2015;Amandine Gamble
HOR-2015-KT-076;0.570374071;0.499220881;1;6;F;28/10/2015;Amandine Gamble
4186276;2.722508927;2.651355737;1;6;G;28/10/2015;Amandine Gamble
6126283;0.367129845;0.295976655;1;6;H;28/10/2015;Amandine Gamble
HOR-2015-KT-010;0.560884879;0.489731689;1;7;A;28/10/2015;Amandine Gamble
HOR-2015-KT-042;0.548807994;0.477654804;1;7;B;28/10/2015;Amandine Gamble
HOR-2015-KT-016;0.807554973;0.736401783;1;7;C;28/10/2015;Amandine Gamble
HOR-2015-KT-092;0.652166857;0.581013667;1;7;D;28/10/2015;Amandine Gamble
HOR-2015-KT-074;0.44629403;0.37514084;1;7;E;28/10/2015;Amandine Gamble
HOR-2015-KT-076;0.421455913;0.350302723;1;7;F;28/10/2015;Amandine Gamble
4186276;2.918540576;2.847387386;1;7;G;28/10/2015;Amandine Gamble
6126283;0.636705434;0.565552244;1;7;H;28/10/2015;Amandine Gamble
HOR-2015-KT-011;1.115307852;1.044154662;1;8;A;28/10/2015;Amandine Gamble
HOR-2015-KT-038;0.47824842;0.407095231;1;8;B;28/10/2015;Amandine Gamble
HOR-2015-KT-019;0.363130717;0.291977528;1;8;C;28/10/2015;Amandine Gamble
HOR-2015-KT-094;0.383624643;0.312471453;1;8;D;28/10/2015;Amandine Gamble
HOR-2015-KT-066;0.318462562;0.247309372;1;8;E;28/10/2015;Amandine Gamble
HOR-2015-KT-077;1.6235535;1.55240031;1;8;F;28/10/2015;Amandine Gamble
4186284;2.995318415;2.924165225;1;8;G;28/10/2015;Amandine Gamble
HOR-2015-KT-088;0.417720105;0.346566916;1;9;H;28/10/2015;Amandine Gamble
HOR-2015-KT-011;1.201546527;1.130393337;1;9;A;28/10/2015;Amandine Gamble
HOR-2015-KT-038;0.781763719;0.710610529;1;9;B;28/10/2015;Amandine Gamble
HOR-2015-KT-019;0.522513549;0.451360359;1;9;C;28/10/2015;Amandine Gamble
HOR-2015-KT-094;0.611745567;0.540592377;1;9;D;28/10/2015;Amandine Gamble
HOR-2015-KT-066;0.448502933;0.377349743;1;9;E;28/10/2015;Amandine Gamble
HOR-2015-KT-077;1.561447955;1.490294765;1;9;F;28/10/2015;Amandine Gamble
4186284;2.55792489;2.4867717;1;9;G;28/10/2015;Amandine Gamble
HOR-2015-KT-088;0.616872381;0.545719191;1;10;H;28/10/2015;Amandine Gamble
HOR-2015-KT-052;0.600247881;0.529094692;1;10;A;28/10/2015;Amandine Gamble
HOR-2015-KT-004;0.3421532;0.27100001;1;10;B;28/10/2015;Amandine Gamble
HOR-2015-KT-002;0.460047774;0.388894585;1;10;C;28/10/2015;Amandine Gamble
HOR-2015-KT-099;0.321715346;0.250562156;1;10;D;28/10/2015;Amandine Gamble
HOR-2015-KT-075;0.29976832;0.22861513;1;10;E;28/10/2015;Amandine Gamble
HOR-2015-KT-082;0.349199148;0.278045958;1;10;F;28/10/2015;Amandine Gamble
6126285;0.342150643;0.270997454;1;10;G;28/10/2015;Amandine Gamble
HOR-2015-KT-031;0.752776987;0.681623797;1;11;H;28/10/2015;Amandine Gamble
HOR-2015-KT-052;0.649017266;0.577864076;1;11;A;28/10/2015;Amandine Gamble
HOR-2015-KT-004;0.542969315;0.471816126;1;11;B;28/10/2015;Amandine Gamble
HOR-2015-KT-002;0.515058219;0.443905029;1;11;C;28/10/2015;Amandine Gamble
HOR-2015-KT-099;0.3390539;0.26790071;1;11;D;28/10/2015;Amandine Gamble
HOR-2015-KT-075;0.282318815;0.211165625;1;11;E;28/10/2015;Amandine Gamble
HOR-2015-KT-082;0.511939912;0.440786722;1;11;F;28/10/2015;Amandine Gamble
6126285;0.623573051;0.552419861;1;11;G;28/10/2015;Amandine Gamble
HOR-2015-KT-031;0.986149032;0.914995842;1;12;H;28/10/2015;Amandine Gamble
HOR-2015-KT-029;0.446300529;0.375147339;1;12;A;28/10/2015;Amandine Gamble
HOR-2015-KT-029;0.689952808;0.618799618;1;12;B;28/10/2015;Amandine Gamble
HOR-2015-KT-032;1.340027293;1.268874103;1;12;C;28/10/2015;Amandine Gamble
HOR-2015-KT-032;1.377304972;1.306151782;1;12;D;28/10/2015;Amandine Gamble
HOR-2015-KT-085;2.270879777;2.199726587;1;12;E;28/10/2015;Amandine Gamble
HOR-2015-KT-085;1.861568079;1.790414889;1;12;F;28/10/2015;Amandine Gamble
HOR-2015-KT-087;0.472691116;0.401537926;1;12;G;28/10/2015;Amandine Gamble
HOR-2015-KT-087;0.380303936;0.309150746;1;12;H;28/10/2015;Amandine Gamble
cont_pos;1.01300605;0.937343902;2;1;A;28/10/2015;Amandine Gamble
cont_pos;1.068743854;0.993081706;2;1;B;28/10/2015;Amandine Gamble
cont_neg;0.073797885;-0.001864264;2;1;C;28/10/2015;Amandine Gamble
cont_neg;0.077526412;0.001864264;2;1;D;28/10/2015;Amandine Gamble
ST A;0.043625865;-0.032036283;2;1;E;28/10/2015;Amandine Gamble
ST B;0.179975142;0.104312994;2;1;F;28/10/2015;Amandine Gamble
ST C;0.57479436;0.499132211;2;1;G;28/10/2015;Amandine Gamble
ST D;1.229174653;1.153512505;2;1;H;28/10/2015;Amandine Gamble
HOR-2015-KT-006;2.469408094;2.393745946;2;2;A;28/10/2015;Amandine Gamble
HOR-2015-KT-069;1.583140359;1.50747821;2;2;B;28/10/2015;Amandine Gamble
HOR-2015-KT-023;0.803982847;0.728320698;2;2;C;28/10/2015;Amandine Gamble
HOR-2015-KT-021;2.15702667;2.081364522;2;2;D;28/10/2015;Amandine Gamble
HOR-2015-KT-073;0.711007888;0.63534574;2;2;E;28/10/2015;Amandine Gamble
HOR-2015-KT-047;1.054626253;0.978964105;2;2;F;28/10/2015;Amandine Gamble
6126272;3.411630773;3.335968624;2;2;G;28/10/2015;Amandine Gamble
4186270;2.669495728;2.59383358;2;2;H;28/10/2015;Amandine Gamble
HOR-2015-KT-006;1.823233047;1.747570899;2;3;A;28/10/2015;Amandine Gamble
HOR-2015-KT-069;0.688732242;0.613070094;2;3;B;28/10/2015;Amandine Gamble
HOR-2015-KT-023;0.412394841;0.336732692;2;3;C;28/10/2015;Amandine Gamble
HOR-2015-KT-021;0.454351663;0.378689514;2;3;D;28/10/2015;Amandine Gamble
HOR-2015-KT-073;0.216957063;0.141294915;2;3;E;28/10/2015;Amandine Gamble
HOR-2015-KT-047;0.341979316;0.266317168;2;3;F;28/10/2015;Amandine Gamble
6126272;0.602381038;0.526718889;2;3;G;28/10/2015;Amandine Gamble
4186270;3.133748057;3.058085908;2;3;H;28/10/2015;Amandine Gamble
HOR-2015-KT-065;1.98553057;1.909868421;2;4;A;28/10/2015;Amandine Gamble
HOR-2015-KT-010;0.433066442;0.357404294;2;4;B;28/10/2015;Amandine Gamble
HOR-2015-KT-018;0.340893891;0.265231743;2;4;C;28/10/2015;Amandine Gamble
HOR-2015-KT-095;0.265275237;0.189613089;2;4;D;28/10/2015;Amandine Gamble
HOR-2015-KT-071;0.234312001;0.158649853;2;4;E;28/10/2015;Amandine Gamble
HOR-2015-KT-058;0.263846435;0.188184287;2;4;F;28/10/2015;Amandine Gamble
6126291;0.254616584;0.178954436;2;4;G;28/10/2015;Amandine Gamble
4186274;0.724037016;0.648374868;2;4;H;28/10/2015;Amandine Gamble
HOR-2015-KT-065;2.019317281;1.943655132;2;5;A;28/10/2015;Amandine Gamble
HOR-2015-KT-010;0.506219617;0.430557469;2;5;B;28/10/2015;Amandine Gamble
HOR-2015-KT-018;0.460464742;0.384802594;2;5;C;28/10/2015;Amandine Gamble
HOR-2015-KT-095;0.372336066;0.296673918;2;5;D;28/10/2015;Amandine Gamble
HOR-2015-KT-071;0.311847412;0.236185264;2;5;E;28/10/2015;Amandine Gamble
HOR-2015-KT-058;0.260675782;0.185013633;2;5;F;28/10/2015;Amandine Gamble
6126291;0.323105983;0.247443835;2;5;G;28/10/2015;Amandine Gamble
4186274;0.919179741;0.843517593;2;5;H;28/10/2015;Amandine Gamble
HOR-2015-KT-009;0.375791261;0.300129113;2;6;A;28/10/2015;Amandine Gamble
HOR-2015-KT-039;0.262526779;0.186864631;2;6;B;28/10/2015;Amandine Gamble
HOR-2015-KT-011;0.390000891;0.314338742;2;6;C;28/10/2015;Amandine Gamble
HOR-2015-KT-037;1.073505286;0.997843137;2;6;D;28/10/2015;Amandine Gamble
HOR-2015-KT-070;0.192001837;0.116339688;2;6;E;28/10/2015;Amandine Gamble
HOR-2015-KT-078;0.319467644;0.243805495;2;6;F;28/10/2015;Amandine Gamble
6126278;0.190929233;0.115267084;2;6;G;28/10/2015;Amandine Gamble
4186269;2.356919666;2.281257518;2;6;H;28/10/2015;Amandine Gamble
HOR-2015-KT-009;0.56158478;0.485922632;2;7;A;28/10/2015;Amandine Gamble
HOR-2015-KT-039;0.423984607;0.348322458;2;7;B;28/10/2015;Amandine Gamble
HOR-2015-KT-011;0.406892995;0.331230846;2;7;C;28/10/2015;Amandine Gamble
HOR-2015-KT-037;1.086835833;1.011173685;2;7;D;28/10/2015;Amandine Gamble
HOR-2015-KT-070;0.28450691;0.208844762;2;7;E;28/10/2015;Amandine Gamble
HOR-2015-KT-078;0.401426216;0.325764067;2;7;F;28/10/2015;Amandine Gamble
6126278;0.303406459;0.22774431;2;7;G;28/10/2015;Amandine Gamble
4186269;2.243017081;2.167354933;2;7;H;28/10/2015;Amandine Gamble
HOR-2015-KT-012;0.819723133;0.744060985;2;8;A;28/10/2015;Amandine Gamble
HOR-2015-KT-027;0.559161332;0.483499184;2;8;B;28/10/2015;Amandine Gamble
HOR-2015-KT-025;0.294281479;0.21861933;2;8;C;28/10/2015;Amandine Gamble
HOR-2015-KT-076;0.184428402;0.108766254;2;8;D;28/10/2015;Amandine Gamble
HOR-2015-KT-053;0.249313449;0.173651301;2;8;E;28/10/2015;Amandine Gamble
HOR-2015-KT-081;0.342808315;0.267146166;2;8;F;28/10/2015;Amandine Gamble
6126280;0.321173782;0.245511634;2;8;G;28/10/2015;Amandine Gamble
4186283;3.184108793;3.108446645;2;9;H;28/10/2015;Amandine Gamble
HOR-2015-KT-012;0.829496605;0.753834457;2;9;A;28/10/2015;Amandine Gamble
HOR-2015-KT-027;0.644187296;0.568525148;2;9;B;28/10/2015;Amandine Gamble
HOR-2015-KT-025;0.366952694;0.291290546;2;9;C;28/10/2015;Amandine Gamble
HOR-2015-KT-076;0.273039642;0.197377494;2;9;D;28/10/2015;Amandine Gamble
HOR-2015-KT-053;0.354426793;0.278764644;2;9;E;28/10/2015;Amandine Gamble
HOR-2015-KT-081;0.294668166;0.219006018;2;9;F;28/10/2015;Amandine Gamble
6126280;0.410889048;0.3352269;2;9;G;28/10/2015;Amandine Gamble
4186283;3.494130714;3.418468566;2;10;H;28/10/2015;Amandine Gamble
HOR-2015-KT-041;0.298512403;0.222850255;2;10;A;28/10/2015;Amandine Gamble
HOR-2015-KT-063;0.753035183;0.677373035;2;10;B;28/10/2015;Amandine Gamble
HOR-2015-KT-003;0.489780555;0.414118407;2;10;C;28/10/2015;Amandine Gamble
HOR-2015-KT-001;0.284934376;0.209272227;2;10;D;28/10/2015;Amandine Gamble
HOR-2015-KT-077;0.231518794;0.155856645;2;10;E;28/10/2015;Amandine Gamble
HOR-2015-KT-079;1.379963773;1.304301624;2;10;F;28/10/2015;Amandine Gamble
6126284;1.071344509;0.995682361;2;10;G;28/10/2015;Amandine Gamble
4186266;2.406551247;2.330889099;2;11;H;28/10/2015;Amandine Gamble
HOR-2015-KT-041;0.570479225;0.494817077;2;11;A;28/10/2015;Amandine Gamble
HOR-2015-KT-063;0.655286891;0.579624742;2;11;B;28/10/2015;Amandine Gamble
HOR-2015-KT-003;0.55719024;0.481528091;2;11;C;28/10/2015;Amandine Gamble
HOR-2015-KT-001;0.334217599;0.25855545;2;11;D;28/10/2015;Amandine Gamble
HOR-2015-KT-077;0.288704364;0.213042215;2;11;E;28/10/2015;Amandine Gamble
HOR-2015-KT-079;1.65417695;1.578514801;2;11;F;28/10/2015;Amandine Gamble
6126284;1.116684238;1.041022089;2;11;G;28/10/2015;Amandine Gamble
4186266;2.534670186;2.459008038;2;12;H;28/10/2015;Amandine Gamble
4186284;3.265073592;3.189411444;2;12;A;28/10/2015;Amandine Gamble
4186284;3.560774754;3.485112606;2;12;B;28/10/2015;Amandine Gamble
HOR-2015-KT-032;0.918083482;0.842421334;2;12;C;28/10/2015;Amandine Gamble
HOR-2015-KT-032;1.031388225;0.955726076;2;12;D;28/10/2015;Amandine Gamble
HOR-2015-KT-085;1.357158209;1.281496061;2;12;E;28/10/2015;Amandine Gamble
HOR-2015-KT-085;1.329603648;1.2539415;2;12;F;28/10/2015;Amandine Gamble
HOR-2015-KT-031;0.794162436;0.718500287;2;12;G;28/10/2015;Amandine Gamble
HOR-2015-KT-031;0.780172959;0.704510811;2;12;H;28/10/2015;Amandine Gamble
cont_pos;1.008169627;0.931069021;3;1;A;01/10/2015;Amandine Gamble
cont_pos;0.954076508;0.876975901;3;1;B;01/10/2015;Amandine Gamble
cont_neg;0.077168551;6.79449E-05;3;1;C;01/10/2015;Amandine Gamble
cont_neg;0.077032661;-6.79449E-05;3;1;D;01/10/2015;Amandine Gamble
ST A;0.042852865;-0.034247741;3;1;E;01/10/2015;Amandine Gamble
ST B;0.175279846;0.09817924;3;1;F;01/10/2015;Amandine Gamble
ST C;0.54932221;0.472221604;3;1;G;01/10/2015;Amandine Gamble
ST D;1.272372425;1.195271819;3;1;H;01/10/2015;Amandine Gamble
HOR-2015-KT-007;1.603578425;1.526477818;3;2;A;01/10/2015;Amandine Gamble
HOR-2015-KT-060;0.365190457;0.288089851;3;2;B;01/10/2015;Amandine Gamble
HOR-2015-KT-017;0.553093912;0.475993306;3;2;C;01/10/2015;Amandine Gamble
HOR-2015-KT-098;0.405709038;0.328608431;3;2;D;01/10/2015;Amandine Gamble
HOR-2015-KT-067;0.368527677;0.291427071;3;2;E;01/10/2015;Amandine Gamble
HOR-2015-KT-059;0.834488754;0.757388147;3;2;F;01/10/2015;Amandine Gamble
6126287;0.526097725;0.448997119;3;2;G;01/10/2015;Amandine Gamble
4186273;3.408571578;3.331470972;3;2;H;01/10/2015;Amandine Gamble
HOR-2015-KT-007;2.70782046;2.630719853;3;3;A;01/10/2015;Amandine Gamble
HOR-2015-KT-060;0.808341108;0.731240502;3;3;B;01/10/2015;Amandine Gamble
HOR-2015-KT-017;0.760542578;0.683441972;3;3;C;01/10/2015;Amandine Gamble
HOR-2015-KT-098;0.608676593;0.531575987;3;3;D;01/10/2015;Amandine Gamble
HOR-2015-KT-067;0.572939635;0.495839029;3;3;E;01/10/2015;Amandine Gamble
HOR-2015-KT-059;0.630509576;0.55340897;3;3;F;01/10/2015;Amandine Gamble
6126287;0.86342975;0.786329144;3;3;G;01/10/2015;Amandine Gamble
4186273;3.367449398;3.290348791;3;3;H;01/10/2015;Amandine Gamble
HOR-2015-KT-048;3.311661565;3.234560959;3;4;A;01/10/2015;Amandine Gamble
HOR-2015-KT-010;1.03335282;0.956252213;3;4;B;01/10/2015;Amandine Gamble
HOR-2015-KT-035;1.128208407;1.051107801;3;4;C;01/10/2015;Amandine Gamble
HOR-2015-KT-051;0.96869298;0.891592373;3;4;D;01/10/2015;Amandine Gamble
HOR-2015-KT-068;0.418523287;0.341422681;3;4;E;01/10/2015;Amandine Gamble
HOR-2015-KT-080;3.488348156;3.41124755;3;4;F;01/10/2015;Amandine Gamble
6126275;0.339232994;0.262132387;3;4;G;01/10/2015;Amandine Gamble
4186276;3.23148991;3.154389303;3;4;H;01/10/2015;Amandine Gamble
HOR-2015-KT-048;3.42063609;3.343535484;3;5;A;01/10/2015;Amandine Gamble
HOR-2015-KT-010;1.34691774;1.269817133;3;5;B;01/10/2015;Amandine Gamble
HOR-2015-KT-035;1.574730507;1.4976299;3;5;C;01/10/2015;Amandine Gamble
HOR-2015-KT-051;1.353955901;1.276855295;3;5;D;01/10/2015;Amandine Gamble
HOR-2015-KT-068;0.732714799;0.655614193;3;5;E;01/10/2015;Amandine Gamble
HOR-2015-KT-080;3.429909634;3.352809028;3;5;F;01/10/2015;Amandine Gamble
6126275;0.694862453;0.617761847;3;5;G;01/10/2015;Amandine Gamble
4186276;3.258004378;3.180903772;3;5;H;01/10/2015;Amandine Gamble
HOR-2015-KT-008;1.744167895;1.667067289;3;6;A;01/10/2015;Amandine Gamble
HOR-2015-KT-040;0.575241049;0.498140442;3;6;B;01/10/2015;Amandine Gamble
HOR-2015-KT-011;2.542122386;2.465021779;3;6;C;01/10/2015;Amandine Gamble
HOR-2015-KT-090;0.542940365;0.465839759;3;6;D;01/10/2015;Amandine Gamble
HOR-2015-KT-072;1.775414532;1.698313926;3;6;E;01/10/2015;Amandine Gamble
HOR-2015-KT-084;1.030055456;0.952954849;3;6;F;01/10/2015;Amandine Gamble
6126290;0.681069316;0.60396871;3;6;G;01/10/2015;Amandine Gamble
4186275;3.225594419;3.148493813;3;6;H;01/10/2015;Amandine Gamble
HOR-2015-KT-008;2.438747327;2.36164672;3;7;A;01/10/2015;Amandine Gamble
HOR-2015-KT-040;1.047970385;0.970869779;3;7;B;01/10/2015;Amandine Gamble
HOR-2015-KT-011;2.622316209;2.545215603;3;7;C;01/10/2015;Amandine Gamble
HOR-2015-KT-090;1.318872079;1.241771473;3;7;D;01/10/2015;Amandine Gamble
HOR-2015-KT-072;1.921355695;1.844255089;3;7;E;01/10/2015;Amandine Gamble
HOR-2015-KT-084;0.901913672;0.824813066;3;7;F;01/10/2015;Amandine Gamble
6126290;0.744219435;0.667118829;3;7;G;01/10/2015;Amandine Gamble
4186275;3.356758532;3.279657926;3;7;H;01/10/2015;Amandine Gamble
HOR-2015-KT-013;1.521964975;1.444864368;3;8;A;01/10/2015;Amandine Gamble
HOR-2015-KT-026;0.603953762;0.526853156;3;8;B;01/10/2015;Amandine Gamble
HOR-2015-KT-036;0.781950014;0.704849408;3;8;C;01/10/2015;Amandine Gamble
HOR-2015-KT-076;0.504339724;0.427239118;3;8;D;01/10/2015;Amandine Gamble
HOR-2015-KT-046;0.665521136;0.58842053;3;8;E;01/10/2015;Amandine Gamble
HOR-2015-KT-083;1.147007278;1.069906671;3;8;F;01/10/2015;Amandine Gamble
6126274;0.52798114;0.450880534;3;8;G;01/10/2015;Amandine Gamble
4186271;3.243526555;3.166425949;3;9;H;01/10/2015;Amandine Gamble
HOR-2015-KT-013;2.437473735;2.360373129;3;9;A;01/10/2015;Amandine Gamble
HOR-2015-KT-026;1.369945974;1.292845367;3;9;B;01/10/2015;Amandine Gamble
HOR-2015-KT-036;1.166001222;1.088900616;3;9;C;01/10/2015;Amandine Gamble
HOR-2015-KT-076;1.369048811;1.291948205;3;9;D;01/10/2015;Amandine Gamble
HOR-2015-KT-046;0.858230121;0.781129515;3;9;E;01/10/2015;Amandine Gamble
HOR-2015-KT-083;0.82202666;0.744926054;3;9;F;01/10/2015;Amandine Gamble
6126274;0.854186148;0.777085542;3;9;G;01/10/2015;Amandine Gamble
4186271;2.940973608;2.863873002;3;10;H;01/10/2015;Amandine Gamble
HOR-2015-KT-057;0.841694372;0.764593766;3;10;A;01/10/2015;Amandine Gamble
HOR-2015-KT-064;1.126332906;1.0492323;3;10;B;01/10/2015;Amandine Gamble
HOR-2015-KT-022;1.041273111;0.964172505;3;10;C;01/10/2015;Amandine Gamble
HOR-2015-KT-093;0.960744773;0.883644167;3;10;D;01/10/2015;Amandine Gamble
HOR-2015-KT-077;3.160463887;3.083363281;3;10;E;01/10/2015;Amandine Gamble
HOR-2015-KT-030;1.048113042;0.971012436;3;10;F;01/10/2015;Amandine Gamble
6126282;0.670285262;0.593184655;3;10;G;01/10/2015;Amandine Gamble
4186277;2.509403435;2.432302828;3;11;H;01/10/2015;Amandine Gamble
HOR-2015-KT-057;1.671629617;1.594529011;3;11;A;01/10/2015;Amandine Gamble
HOR-2015-KT-064;1.506300383;1.429199777;3;11;B;01/10/2015;Amandine Gamble
HOR-2015-KT-022;1.393645599;1.316544993;3;11;C;01/10/2015;Amandine Gamble
HOR-2015-KT-093;1.37811881;1.301018204;3;11;D;01/10/2015;Amandine Gamble
HOR-2015-KT-077;2.896230825;2.819130218;3;11;E;01/10/2015;Amandine Gamble
HOR-2015-KT-030;0.974090172;0.896989566;3;11;F;01/10/2015;Amandine Gamble
6126282;1.179682757;1.102582151;3;11;G;01/10/2015;Amandine Gamble
4186277;3.34503773;3.267937123;3;12;H;01/10/2015;Amandine Gamble
4186284;3.517928573;3.440827966;3;12;A;01/10/2015;Amandine Gamble
4186284;3.455653139;3.378552532;3;12;B;01/10/2015;Amandine Gamble
HOR-2015-KT-032;2.364617472;2.287516866;3;12;C;01/10/2015;Amandine Gamble
HOR-2015-KT-032;2.247511405;2.170410798;3;12;D;01/10/2015;Amandine Gamble
HOR-2015-KT-085;3.096527608;3.019427001;3;12;E;01/10/2015;Amandine Gamble
HOR-2015-KT-085;3.049177967;2.972077361;3;12;F;01/10/2015;Amandine Gamble
HOR-2015-KT-031;1.515239316;1.43813871;3;12;G;01/10/2015;Amandine Gamble
HOR-2015-KT-031;1.821106647;1.74400604;3;12;H;01/10/2015;Amandine Gamble
cont_pos;0.883977389;0.799028115;4;1;A;01/10/2015;Amandine Gamble
cont_pos;0.879930548;0.794981274;4;1;B;01/10/2015;Amandine Gamble
cont_neg;0.091961711;0.007012437;4;1;C;01/10/2015;Amandine Gamble
cont_neg;0.077936837;-0.007012437;4;1;D;01/10/2015;Amandine Gamble
ST A;0.049728512;-0.035220762;4;1;E;01/10/2015;Amandine Gamble
ST B;0.174678301;0.089729027;4;1;F;01/10/2015;Amandine Gamble
ST C;0.499533188;0.414583914;4;1;G;01/10/2015;Amandine Gamble
ST D;1.145051547;1.060102273;4;1;H;01/10/2015;Amandine Gamble
HOR-2015-KT-005;1.812799733;1.727850459;4;2;A;01/10/2015;Amandine Gamble
6126289;1.683009122;1.598059848;4;2;B;01/10/2015;Amandine Gamble
4186280;2.933004594;2.84805532;4;2;C;01/10/2015;Amandine Gamble
HOR-2015-KT-053;2.544711504;2.45976223;4;2;D;01/10/2015;Amandine Gamble
HOR-2015-KT-043;2.125630586;2.040681312;4;2;E;01/10/2015;Amandine Gamble
HOR-2015-KT-052;2.443313142;2.358363868;4;2;F;01/10/2015;Amandine Gamble
HOR-2015-KT-088;2.149585112;2.064635838;4;2;G;01/10/2015;Amandine Gamble
HOR-2015-KT-007;1.617726145;1.532776871;4;2;H;01/10/2015;Amandine Gamble
HOR-2015-KT-005;1.901850434;1.81690116;4;3;A;01/10/2015;Amandine Gamble
6126289;0.965634426;0.880685152;4;3;B;01/10/2015;Amandine Gamble
4186280;2.672027709;2.587078435;4;3;C;01/10/2015;Amandine Gamble
HOR-2015-KT-053;0.905510371;0.820561097;4;3;D;01/10/2015;Amandine Gamble
HOR-2015-KT-043;0.680751594;0.59580232;4;3;E;01/10/2015;Amandine Gamble
HOR-2015-KT-052;1.206213994;1.121264721;4;3;F;01/10/2015;Amandine Gamble
HOR-2015-KT-088;1.193872355;1.108923081;4;3;G;01/10/2015;Amandine Gamble
HOR-2015-KT-007;1.672927745;1.587978471;4;3;H;01/10/2015;Amandine Gamble
HOR-2015-KT-028;1.331715488;1.246766214;4;4;A;01/10/2015;Amandine Gamble
6126279;0.853637049;0.768687775;4;4;B;01/10/2015;Amandine Gamble
4186281;3.476576018;3.391626744;4;4;C;01/10/2015;Amandine Gamble
HOR-2015-KT-079;1.568262606;1.483313332;4;4;D;01/10/2015;Amandine Gamble
HOR-2015-KT-010;1.673528807;1.588579533;4;4;E;01/10/2015;Amandine Gamble
HOR-2015-KT-055;2.078636009;1.993686735;4;4;F;01/10/2015;Amandine Gamble
HOR-2015-KT-006;3.026326909;2.941377635;4;4;G;01/10/2015;Amandine Gamble
HOR-2015-KT-060;1.328961519;1.244012245;4;4;H;01/10/2015;Amandine Gamble
HOR-2015-KT-028;1.294858165;1.209908891;4;5;A;01/10/2015;Amandine Gamble
6126279;1.387066542;1.302117268;4;5;B;01/10/2015;Amandine Gamble
4186281;3.548180166;3.463230892;4;5;C;01/10/2015;Amandine Gamble
HOR-2015-KT-079;2.587386406;2.502437132;4;5;D;01/10/2015;Amandine Gamble
HOR-2015-KT-010;1.136878182;1.051928908;4;5;E;01/10/2015;Amandine Gamble
HOR-2015-KT-055;2.036233777;1.951284503;4;5;F;01/10/2015;Amandine Gamble
HOR-2015-KT-006;3.147788817;3.062839543;4;5;G;01/10/2015;Amandine Gamble
HOR-2015-KT-060;0.812460779;0.727511505;4;5;H;01/10/2015;Amandine Gamble
HOR-2015-KT-089;2.3570562;2.272106926;4;6;A;01/10/2015;Amandine Gamble
6126288;1.458108537;1.373159263;4;6;B;01/10/2015;Amandine Gamble
4186272;3.23106335;3.146114076;4;6;C;01/10/2015;Amandine Gamble
HOR-2015-KT-062;1.747605732;1.662656458;4;6;D;01/10/2015;Amandine Gamble
HOR-2015-KT-011;2.459709747;2.374760473;4;6;E;01/10/2015;Amandine Gamble
HOR-2015-KT-004;1.17481702;1.089867746;4;6;F;01/10/2015;Amandine Gamble
HOR-2015-KT-069;1.702029857;1.617080583;4;6;G;01/10/2015;Amandine Gamble
6126287;1.153447725;1.068498451;4;6;H;01/10/2015;Amandine Gamble
HOR-2015-KT-089;0.67447032;0.589521046;4;7;A;01/10/2015;Amandine Gamble
6126288;0.709574595;0.624625321;4;7;B;01/10/2015;Amandine Gamble
4186272;2.960702174;2.8757529;4;7;C;01/10/2015;Amandine Gamble
HOR-2015-KT-062;0.686471085;0.601521811;4;7;D;01/10/2015;Amandine Gamble
HOR-2015-KT-011;2.186007219;2.101057945;4;7;E;01/10/2015;Amandine Gamble
HOR-2015-KT-004;0.83470151;0.749752236;4;7;F;01/10/2015;Amandine Gamble
HOR-2015-KT-069;1.371774908;1.286825634;4;7;G;01/10/2015;Amandine Gamble
6126287;0.751550204;0.66660093;4;7;H;01/10/2015;Amandine Gamble
HOR-2015-KT-086;0.849923645;0.764974371;4;8;A;01/10/2015;Amandine Gamble
6126286;0.914992882;0.830043608;4;8;B;01/10/2015;Amandine Gamble
HOR-2015-KT-061;0.815915408;0.730966134;4;8;C;01/10/2015;Amandine Gamble
HOR-2015-KT-024;1.27700732;1.192058046;4;8;D;01/10/2015;Amandine Gamble
HOR-2015-KT-076;0.937851513;0.852902239;4;8;E;01/10/2015;Amandine Gamble
HOR-2015-KT-014;0.899116389;0.814167115;4;8;F;01/10/2015;Amandine Gamble
6126272;1.693158434;1.60820916;4;8;G;01/10/2015;Amandine Gamble
4186273;3.425809707;3.340860433;4;9;H;01/10/2015;Amandine Gamble
HOR-2015-KT-086;0.587440219;0.502490945;4;9;A;01/10/2015;Amandine Gamble
6126286;0.801696514;0.71674724;4;9;B;01/10/2015;Amandine Gamble
HOR-2015-KT-061;1.398670574;1.3137213;4;9;C;01/10/2015;Amandine Gamble
HOR-2015-KT-024;0.811655882;0.726706608;4;9;D;01/10/2015;Amandine Gamble
HOR-2015-KT-076;0.614838546;0.529889272;4;9;E;01/10/2015;Amandine Gamble
HOR-2015-KT-014;0.823239989;0.738290715;4;9;F;01/10/2015;Amandine Gamble
6126272;0.917579613;0.832630339;4;9;G;01/10/2015;Amandine Gamble
4186273;3.341761647;3.256812373;4;10;H;01/10/2015;Amandine Gamble
6126277;0.731201385;0.646252111;4;10;A;01/10/2015;Amandine Gamble
4186282;3.522333508;3.437384234;4;10;B;01/10/2015;Amandine Gamble
HOR-2015-KT-037;0.754485303;0.669536029;4;10;C;01/10/2015;Amandine Gamble
HOR-2015-KT-096;0.72786715;0.642917876;4;10;D;01/10/2015;Amandine Gamble
HOR-2015-KT-077;2.837488147;2.752538873;4;10;E;01/10/2015;Amandine Gamble
HOR-2015-KT-091;1.904541296;1.819592022;4;10;F;01/10/2015;Amandine Gamble
4186270;3.476576018;3.391626744;4;10;G;01/10/2015;Amandine Gamble
NA;0.868692273;0.783742999;4;11;H;01/10/2015;Amandine Gamble
6126277;0.928063761;0.843114487;4;11;A;01/10/2015;Amandine Gamble
4186282;3.518490169;3.433540895;4;11;B;01/10/2015;Amandine Gamble
HOR-2015-KT-037;1.141993606;1.057044332;4;11;C;01/10/2015;Amandine Gamble
HOR-2015-KT-096;0.565177616;0.480228342;4;11;D;01/10/2015;Amandine Gamble
HOR-2015-KT-077;3.177286684;3.09233741;4;11;E;01/10/2015;Amandine Gamble
HOR-2015-KT-091;1.93171456;1.846765286;4;11;F;01/10/2015;Amandine Gamble
4186270;2.576536782;2.491587508;4;11;G;01/10/2015;Amandine Gamble
NA;0.311723713;0.226774439;4;12;H;01/10/2015;Amandine Gamble
4186284;3.57566295;3.490713676;4;12;A;01/10/2015;Amandine Gamble
4186284;3.560648806;3.475699532;4;12;B;01/10/2015;Amandine Gamble
HOR-2015-KT-032;2.302458037;2.217508763;4;12;C;01/10/2015;Amandine Gamble
HOR-2015-KT-032;2.518490169;2.433540895;4;12;D;01/10/2015;Amandine Gamble
HOR-2015-KT-085;3.21650463;3.131555356;4;12;E;01/10/2015;Amandine Gamble
HOR-2015-KT-085;3.188774288;3.103825014;4;12;F;01/10/2015;Amandine Gamble
HOR-2015-KT-031;1.728325953;1.643376679;4;12;G;01/10/2015;Amandine Gamble
HOR-2015-KT-031;1.795841753;1.710892479;4;12;H;01/10/2015;Amandine Gamble
cont_pos;1.183388477;1.104696221;5;1;A;01/10/2015;Amandine Gamble
cont_pos;1.210844747;1.13215249;5;1;B;01/10/2015;Amandine Gamble
cont_neg;0.077665123;-0.001027133;5;1;C;01/10/2015;Amandine Gamble
cont_neg;0.07971939;0.001027133;5;1;D;01/10/2015;Amandine Gamble
ST A;0.041230975;-0.037461282;5;1;E;01/10/2015;Amandine Gamble
ST B;0.201504034;0.122811777;5;1;F;01/10/2015;Amandine Gamble
ST C;0.652669433;0.573977176;5;1;G;01/10/2015;Amandine Gamble
ST D;1.526562312;1.447870055;5;1;H;01/10/2015;Amandine Gamble
4186284;2.665927048;2.587234791;5;2;A;01/10/2015;Amandine Gamble
4186284;3.179166309;3.100474052;5;2;B;01/10/2015;Amandine Gamble
6126288;0.236030858;0.157338601;5;2;C;01/10/2015;Amandine Gamble
6126288;0.184221784;0.105529527;5;2;D;01/10/2015;Amandine Gamble
6126282;0.124857718;0.046165461;5;2;E;01/10/2015;Amandine Gamble
6126282;0.580402485;0.501710228;5;2;F;01/10/2015;Amandine Gamble
4186280;0.296167702;0.217475446;5;2;G;01/10/2015;Amandine Gamble
4186280;0.29772018;0.219027923;5;2;H;01/10/2015;Amandine Gamble
4186266;1.373704132;1.295011875;5;3;A;01/10/2015;Amandine Gamble
4186266;1.520747698;1.442055441;5;3;B;01/10/2015;Amandine Gamble
4186267;1.640835798;1.562143541;5;3;C;01/10/2015;Amandine Gamble
4186267;1.301231049;1.222538792;5;3;D;01/10/2015;Amandine Gamble
6235331;0.176491997;0.09779974;5;3;E;01/10/2015;Amandine Gamble
6235052;0.122537974;0.043845717;5;3;F;01/10/2015;Amandine Gamble
6235327;0.118916965;0.040224708;5;3;G;01/10/2015;Amandine Gamble
6223453;0.139634511;0.060942254;5;3;H;01/10/2015;Amandine Gamble
4220738;1.841585312;1.762893055;5;4;A;01/10/2015;Amandine Gamble
4269078;0.692839522;0.614147265;5;4;B;01/10/2015;Amandine Gamble
4269077;0.28418422;0.205491963;5;4;C;01/10/2015;Amandine Gamble
4269074;0.379817353;0.301125096;5;4;D;01/10/2015;Amandine Gamble
6169408;0.164341111;0.085648854;5;4;E;01/10/2015;Amandine Gamble
4271788;0.201587679;0.122895422;5;4;F;01/10/2015;Amandine Gamble
4271787;0.130887183;0.052194926;5;4;G;01/10/2015;Amandine Gamble
SK???????TM;0.601800629;0.523108373;5;4;H;01/10/2015;Amandine Gamble
4271778;0.329402437;0.25071018;5;5;A;01/10/2015;Amandine Gamble
4220628;0.434831976;0.356139719;5;5;B;01/10/2015;Amandine Gamble
4250461;0.340589793;0.261897537;5;5;C;01/10/2015;Amandine Gamble
82??????KT;0.237854896;0.15916264;5;5;D;01/10/2015;Amandine Gamble
6235321;0.124677817;0.045985561;5;5;E;01/10/2015;Amandine Gamble
4269076;0.529289495;0.450597238;5;5;F;01/10/2015;Amandine Gamble
4271784;0.354465175;0.275772918;5;5;G;01/10/2015;Amandine Gamble
6235322;0.181324599;0.102632342;5;5;H;01/10/2015;Amandine Gamble
4271776;0.423805899;0.345113643;5;6;A;01/10/2015;Amandine Gamble
4220627;0.573826219;0.495133962;5;6;B;01/10/2015;Amandine Gamble
4271775;0.343710332;0.265018075;5;6;C;01/10/2015;Amandine Gamble
6223322;0.225008156;0.146315899;5;6;D;01/10/2015;Amandine Gamble
6169404;0.139466914;0.060774657;5;6;E;01/10/2015;Amandine Gamble
4271789;0.191513667;0.11282141;5;6;F;01/10/2015;Amandine Gamble
JK??????TM;0.195436455;0.116744199;5;6;G;01/10/2015;Amandine Gamble
6235318;0.146513158;0.067820902;5;6;H;01/10/2015;Amandine Gamble
4271777;1.511371796;1.432679539;5;7;A;01/10/2015;Amandine Gamble
4269075;0.342271251;0.263578994;5;7;B;01/10/2015;Amandine Gamble
4220647;0.3700927;0.291400444;5;7;C;01/10/2015;Amandine Gamble
6223516;0.211142044;0.132449787;5;7;D;01/10/2015;Amandine Gamble
6235330;0.273767557;0.1950753;5;7;E;01/10/2015;Amandine Gamble
4271782;0.441983367;0.36329111;5;7;F;01/10/2015;Amandine Gamble
JO??????TM;0.5780806;0.499388343;5;7;G;01/10/2015;Amandine Gamble
6235333;0.238860431;0.160168174;5;7;H;01/10/2015;Amandine Gamble
4220625;0.342955442;0.264263186;5;8;A;01/10/2015;Amandine Gamble
4259240;0.305595264;0.226903007;5;8;B;01/10/2015;Amandine Gamble
4250454;0.252426615;0.173734358;5;8;C;01/10/2015;Amandine Gamble
6235326;0.241648417;0.16295616;5;8;D;01/10/2015;Amandine Gamble
6235314;0.395268537;0.31657628;5;8;E;01/10/2015;Amandine Gamble
4220633;0.307670499;0.228978242;5;8;F;01/10/2015;Amandine Gamble
SI??????TM;0.392103453;0.313411196;5;8;G;01/10/2015;Amandine Gamble
6235323;0.337797935;0.259105679;5;9;H;01/10/2015;Amandine Gamble
4220643;0.303190343;0.224498086;5;9;A;01/10/2015;Amandine Gamble
4106477;0.537643834;0.458951577;5;9;B;01/10/2015;Amandine Gamble
4269092;0.312480431;0.233788174;5;9;C;01/10/2015;Amandine Gamble
6235316;0.198399208;0.119706952;5;9;D;01/10/2015;Amandine Gamble
6197514;0.184828587;0.10613633;5;9;E;01/10/2015;Amandine Gamble
4271786;0.184859889;0.106167632;5;9;F;01/10/2015;Amandine Gamble
JN??????TM;0.19883678;0.120144523;5;9;G;01/10/2015;Amandine Gamble
6235072;0.20233097;0.123638713;5;10;H;01/10/2015;Amandine Gamble
4106540;0.24498308;0.166290823;5;10;A;01/10/2015;Amandine Gamble
4255250;0.415239413;0.336547156;5;10;B;01/10/2015;Amandine Gamble
4255246;0.386844388;0.308152131;5;10;C;01/10/2015;Amandine Gamble
6235127;0.207209156;0.1285169;5;10;D;01/10/2015;Amandine Gamble
69????????KT;1.346099569;1.267407312;5;10;E;01/10/2015;Amandine Gamble
4269089;1.025363834;0.946671577;5;10;F;01/10/2015;Amandine Gamble
SY??????TM;0.276059772;0.197367515;5;10;G;01/10/2015;Amandine Gamble
MA23072;0.188186202;0.109493945;5;11;H;01/10/2015;Amandine Gamble
4250435;1.041570356;0.962878099;5;11;A;01/10/2015;Amandine Gamble
4250470;2.407238423;2.328546166;5;11;B;01/10/2015;Amandine Gamble
4255243;0.585146769;0.506454513;5;11;C;01/10/2015;Amandine Gamble
6235335;0.446226918;0.367534662;5;11;D;01/10/2015;Amandine Gamble
6235329;0.331762953;0.253070696;5;11;E;01/10/2015;Amandine Gamble
4271785;0.597200009;0.518507752;5;11;F;01/10/2015;Amandine Gamble
JJ??????TM;2.343630401;2.264938144;5;11;G;01/10/2015;Amandine Gamble
6235328;0.815390046;0.736697789;5;12;H;01/10/2015;Amandine Gamble
4220626;0.730174223;0.651481966;5;12;A;01/10/2015;Amandine Gamble
4220636;0.271454624;0.192762367;5;12;B;01/10/2015;Amandine Gamble
4269067;0.780707576;0.702015319;5;12;C;01/10/2015;Amandine Gamble
6235324;0.196629424;0.117937167;5;12;D;01/10/2015;Amandine Gamble
6235336;0.122241326;0.043549069;5;12;E;01/10/2015;Amandine Gamble
4271783;0.46937772;0.390685463;5;12;F;01/10/2015;Amandine Gamble
JX??????TM;2.786197837;2.70750558;5;12;G;01/10/2015;Amandine Gamble
6235332;0.275494122;0.196801866;5;12;H;01/10/2015;Amandine Gamble
